{
  "A": {
    "A": 0.3333333333333333,
    "C": 0.2777777777777778,
    "G": 0.16666666666666666,
    "T": 0.2222222222222222
  },
  "C": {
    "A": 0.3076923076923077,
    "C": 0.3076923076923077,
    "G": 0.15384615384615385,
    "T": 0.23076923076923078
  },
  "G": {
    "A": 0.36363636363636365,
    "C": 0.2727272727272727,
    "G": 0.36363636363636365,
    "T": 0.0
  },
  "T": {
    "A": 0.5714285714285714,
    "C": 0.14285714285714285,
    "G": 0.2857142857142857,
    "T": 0.0
  }
}